{
    "openapi": "3.0.0",
    "info": {
        "title": "API de Asignaciones de Rutas",
        "description": "Esta API permite gestionar asignaciones y rutas para los clientes.",
        "termsOfService": "https://example.com/terms",
        "contact": {
            "email": "support@example.com"
        },
        "license": {
            "name": "MIT",
            "url": "https://opensource.org/licenses/MIT"
        },
        "version": "1.0.0"
    },
    "paths": {
        "/api/login": {
            "post": {
                "tags": [
                    "Autenticación"
                ],
                "summary": "Iniciar sesión",
                "description": "Genera un token JWT para el usuario autenticado.",
                "operationId": "a3b306d14572d1f4bd6c064b3233e7b8",
                "requestBody": {
                    "required": true,
                    "content": {
                        "application/json": {
                            "schema": {
                                "required": [
                                    "email",
                                    "password"
                                ],
                                "properties": {
                                    "email": {
                                        "type": "string",
                                        "example": "user@example.com"
                                    },
                                    "password": {
                                        "type": "string",
                                        "example": "password123"
                                    }
                                },
                                "type": "object"
                            }
                        }
                    }
                },
                "responses": {
                    "200": {
                        "description": "Token generado exitosamente",
                        "content": {
                            "application/json": {
                                "schema": {
                                    "properties": {
                                        "token": {
                                            "type": "string",
                                            "example": "your-jwt-token-here"
                                        }
                                    },
                                    "type": "object"
                                }
                            }
                        }
                    },
                    "401": {
                        "description": "Credenciales inválidas"
                    },
                    "500": {
                        "description": "No se pudo crear el token"
                    }
                }
            }
        },
        "/api/me": {
            "get": {
                "tags": [
                    "Autenticación"
                ],
                "summary": "Obtener el usuario autenticado",
                "description": "Devuelve los datos del usuario autenticado.",
                "operationId": "9d9bc556f927575aa492a88c28fe5908",
                "responses": {
                    "200": {
                        "description": "Usuario autenticado",
                        "content": {
                            "application/json": {
                                "schema": {
                                    "$ref": "#/components/schemas/User"
                                }
                            }
                        }
                    },
                    "401": {
                        "description": "No autorizado"
                    }
                },
                "security": [
                    {
                        "Bearer": []
                    }
                ]
            }
        },
        "/api/logout": {
            "post": {
                "tags": [
                    "Autenticación"
                ],
                "summary": "Cerrar sesión",
                "description": "Invalida el token JWT y cierra la sesión del usuario.",
                "operationId": "fe8f3429cd6979b3b4517e186505f9f9",
                "responses": {
                    "200": {
                        "description": "Sesión cerrada exitosamente",
                        "content": {
                            "application/json": {
                                "schema": {
                                    "properties": {
                                        "message": {
                                            "type": "string",
                                            "example": "Successfully logged out"
                                        }
                                    },
                                    "type": "object"
                                }
                            }
                        }
                    },
                    "500": {
                        "description": "No se pudo cerrar sesión"
                    }
                },
                "security": [
                    {
                        "Bearer": []
                    }
                ]
            }
        },
        "/api/register": {
            "post": {
                "tags": [
                    "Autenticación"
                ],
                "summary": "Registrar un nuevo usuario",
                "description": "Crea un nuevo usuario en el sistema y genera un token JWT.",
                "operationId": "8a56853624e025573120a09a4c75d468",
                "requestBody": {
                    "required": true,
                    "content": {
                        "application/json": {
                            "schema": {
                                "required": [
                                    "name",
                                    "email",
                                    "password"
                                ],
                                "properties": {
                                    "name": {
                                        "type": "string",
                                        "example": "John Doe"
                                    },
                                    "email": {
                                        "type": "string",
                                        "example": "user@example.com"
                                    },
                                    "password": {
                                        "type": "string",
                                        "example": "password123"
                                    },
                                    "password_confirmation": {
                                        "type": "string",
                                        "example": "password123"
                                    }
                                },
                                "type": "object"
                            }
                        }
                    }
                },
                "responses": {
                    "201": {
                        "description": "Usuario registrado exitosamente",
                        "content": {
                            "application/json": {
                                "schema": {
                                    "properties": {
                                        "user": {
                                            "$ref": "#/components/schemas/User"
                                        },
                                        "token": {
                                            "type": "string",
                                            "example": "your-jwt-token-here"
                                        }
                                    },
                                    "type": "object"
                                }
                            }
                        }
                    },
                    "422": {
                        "description": "Errores de validación"
                    }
                }
            }
        },
        "/api/clientes": {
            "get": {
                "tags": [
                    "Clientes"
                ],
                "summary": "Obtener todos los clientes",
                "description": "Devuelve una lista de todos los clientes",
                "operationId": "de55d50d1b708d9e5c63ee3f8fe8f54a",
                "responses": {
                    "200": {
                        "description": "Operación exitosa",
                        "content": {
                            "application/json": {
                                "schema": {
                                    "type": "array",
                                    "items": {
                                        "$ref": "#/components/schemas/Cliente"
                                    }
                                }
                            }
                        }
                    }
                },
                "security": [
                    {
                        "Bearer": []
                    }
                ]
            },
            "post": {
                "tags": [
                    "Clientes"
                ],
                "summary": "Crear un nuevo cliente",
                "description": "Crea un nuevo cliente en el sistema",
                "operationId": "4ac6cdfa8d6c188fa2cb4f3263d4318a",
                "requestBody": {
                    "required": true,
                    "content": {
                        "application/json": {
                            "schema": {
                                "$ref": "#/components/schemas/Cliente"
                            }
                        }
                    }
                },
                "responses": {
                    "201": {
                        "description": "Cliente creado exitosamente",
                        "content": {
                            "application/json": {
                                "schema": {
                                    "$ref": "#/components/schemas/Cliente"
                                }
                            }
                        }
                    },
                    "422": {
                        "description": "Errores de validación"
                    }
                },
                "security": [
                    {
                        "Bearer": []
                    }
                ]
            }
        },
        "/api/clientes/{id}": {
            "get": {
                "tags": [
                    "Clientes"
                ],
                "summary": "Obtener un cliente por su ID",
                "description": "Devuelve los detalles de un cliente específico",
                "operationId": "0d3826d79390929601421b5810b61231",
                "parameters": [
                    {
                        "name": "id",
                        "in": "path",
                        "description": "ID del cliente",
                        "required": true,
                        "schema": {
                            "type": "string"
                        }
                    }
                ],
                "responses": {
                    "200": {
                        "description": "Operación exitosa",
                        "content": {
                            "application/json": {
                                "schema": {
                                    "$ref": "#/components/schemas/Cliente"
                                }
                            }
                        }
                    },
                    "404": {
                        "description": "Cliente no encontrado"
                    }
                },
                "security": [
                    {
                        "Bearer": []
                    }
                ]
            },
            "put": {
                "tags": [
                    "Clientes"
                ],
                "summary": "Actualizar un cliente",
                "description": "Actualiza la información de un cliente específico",
                "operationId": "74956b09f3ea120b5dd531c73776ca11",
                "parameters": [
                    {
                        "name": "id",
                        "in": "path",
                        "description": "ID del cliente",
                        "required": true,
                        "schema": {
                            "type": "string"
                        }
                    }
                ],
                "requestBody": {
                    "required": true,
                    "content": {
                        "application/json": {
                            "schema": {
                                "$ref": "#/components/schemas/Cliente"
                            }
                        }
                    }
                },
                "responses": {
                    "200": {
                        "description": "Cliente actualizado exitosamente",
                        "content": {
                            "application/json": {
                                "schema": {
                                    "$ref": "#/components/schemas/Cliente"
                                }
                            }
                        }
                    },
                    "404": {
                        "description": "Cliente no encontrado"
                    }
                },
                "security": [
                    {
                        "Bearer": []
                    }
                ]
            },
            "delete": {
                "tags": [
                    "Clientes"
                ],
                "summary": "Eliminar un cliente",
                "description": "Elimina un cliente específico",
                "operationId": "d15e304c609752c9f409ab81072fb52e",
                "parameters": [
                    {
                        "name": "id",
                        "in": "path",
                        "description": "ID del cliente",
                        "required": true,
                        "schema": {
                            "type": "string"
                        }
                    }
                ],
                "responses": {
                    "200": {
                        "description": "Cliente eliminado exitosamente"
                    },
                    "404": {
                        "description": "Cliente no encontrado"
                    }
                },
                "security": [
                    {
                        "Bearer": []
                    }
                ]
            }
        },
        "/api/comessa": {
            "get": {
                "tags": [
                    "Comessa"
                ],
                "summary": "Obtener todos los comessa",
                "description": "Devuelve una lista de todos los comessa",
                "operationId": "659b27d7663f7e04e7f4ffce4b4aa334",
                "responses": {
                    "200": {
                        "description": "Operación exitosa",
                        "content": {
                            "application/json": {
                                "schema": {
                                    "type": "array",
                                    "items": {
                                        "$ref": "#/components/schemas/Comessa"
                                    }
                                }
                            }
                        }
                    }
                },
                "security": [
                    {
                        "Bearer": []
                    }
                ]
            },
            "post": {
                "tags": [
                    "Comessa"
                ],
                "summary": "Crear una nueva comessa",
                "description": "Crea un nueva comessa en el sistema",
                "operationId": "8beb66af9f66610f2b08282e5a1c7b57",
                "requestBody": {
                    "required": true,
                    "content": {
                        "application/json": {
                            "schema": {
                                "$ref": "#/components/schemas/Comessa"
                            }
                        }
                    }
                },
                "responses": {
                    "201": {
                        "description": "Comessa creado exitosamente",
                        "content": {
                            "application/json": {
                                "schema": {
                                    "$ref": "#/components/schemas/Comessa"
                                }
                            }
                        }
                    },
                    "422": {
                        "description": "Errores de validación"
                    }
                },
                "security": [
                    {
                        "Bearer": []
                    }
                ]
            }
        },
        "/api/comessa/{id}": {
            "get": {
                "tags": [
                    "Comessa"
                ],
                "summary": "Obtener una comessa por su ID",
                "description": "Devuelve los detalles de un comessa específico",
                "operationId": "631faffda30d68612a04047e6461247e",
                "parameters": [
                    {
                        "name": "id",
                        "in": "path",
                        "description": "ID del comessa",
                        "required": true,
                        "schema": {
                            "type": "int"
                        }
                    }
                ],
                "responses": {
                    "200": {
                        "description": "Operación exitosa",
                        "content": {
                            "application/json": {
                                "schema": {
                                    "$ref": "#/components/schemas/Comessa"
                                }
                            }
                        }
                    },
                    "404": {
                        "description": "Comessa no encontrado"
                    }
                },
                "security": [
                    {
                        "Bearer": []
                    }
                ]
            },
            "put": {
                "tags": [
                    "Comessa"
                ],
                "summary": "Actualizar un comessa",
                "description": "Actualiza la información de un comessa específico",
                "operationId": "35c861e075a370cf9b5df3d71ebc03f2",
                "parameters": [
                    {
                        "name": "id",
                        "in": "path",
                        "description": "ID del comessa",
                        "required": true,
                        "schema": {
                            "type": "int"
                        }
                    }
                ],
                "requestBody": {
                    "required": true,
                    "content": {
                        "application/json": {
                            "schema": {
                                "$ref": "#/components/schemas/Comessa"
                            }
                        }
                    }
                },
                "responses": {
                    "200": {
                        "description": "Comessa actualizado exitosamente",
                        "content": {
                            "application/json": {
                                "schema": {
                                    "$ref": "#/components/schemas/Comessa"
                                }
                            }
                        }
                    },
                    "404": {
                        "description": "Comessa no encontrado"
                    }
                },
                "security": [
                    {
                        "Bearer": []
                    }
                ]
            },
            "delete": {
                "tags": [
                    "Comessa"
                ],
                "summary": "Eliminar un comessa",
                "description": "Elimina un comessa específico",
                "operationId": "8b5af9757c1c6731b16459bba60e9d60",
                "parameters": [
                    {
                        "name": "id",
                        "in": "path",
                        "description": "ID del comessa",
                        "required": true,
                        "schema": {
                            "type": "int"
                        }
                    }
                ],
                "responses": {
                    "200": {
                        "description": "Comessa eliminado exitosamente"
                    },
                    "404": {
                        "description": "Comessa no encontrado"
                    }
                },
                "security": [
                    {
                        "Bearer": []
                    }
                ]
            }
        },
        "/api/encargados": {
            "get": {
                "tags": [
                    "Encargados"
                ],
                "summary": "Obtener todos los encargados",
                "description": "Devuelve una lista de todos los encargados",
                "operationId": "e397d61cbb18be4bd2bc368764118882",
                "responses": {
                    "200": {
                        "description": "Operación exitosa",
                        "content": {
                            "application/json": {
                                "schema": {
                                    "type": "array",
                                    "items": {
                                        "$ref": "#/components/schemas/Encargado"
                                    }
                                }
                            }
                        }
                    },
                    "401": {
                        "description": "No autorizado"
                    }
                },
                "security": [
                    {
                        "Bearer": []
                    }
                ]
            },
            "post": {
                "tags": [
                    "Encargados"
                ],
                "summary": "Crear un nuevo encargado",
                "description": "Crea un nuevo encargado en el sistema",
                "operationId": "fe7ab464e1023e8d718484224ebcf114",
                "requestBody": {
                    "required": true,
                    "content": {
                        "application/json": {
                            "schema": {
                                "$ref": "#/components/schemas/Encargado"
                            }
                        }
                    }
                },
                "responses": {
                    "201": {
                        "description": "Encargado creado exitosamente",
                        "content": {
                            "application/json": {
                                "schema": {
                                    "$ref": "#/components/schemas/Encargado"
                                }
                            }
                        }
                    },
                    "422": {
                        "description": "Errores de validación"
                    }
                },
                "security": [
                    {
                        "Bearer": []
                    }
                ]
            }
        },
        "/api/encargados/{id}": {
            "get": {
                "tags": [
                    "Encargados"
                ],
                "summary": "Obtener un encargado por su ID",
                "description": "Devuelve los detalles de un encargado específico",
                "operationId": "fe04737768ae2498b977b5ba3f95183d",
                "parameters": [
                    {
                        "name": "id",
                        "in": "path",
                        "description": "ID del encargado",
                        "required": true,
                        "schema": {
                            "type": "string"
                        }
                    }
                ],
                "responses": {
                    "200": {
                        "description": "Operación exitosa",
                        "content": {
                            "application/json": {
                                "schema": {
                                    "$ref": "#/components/schemas/Encargado"
                                }
                            }
                        }
                    },
                    "404": {
                        "description": "Encargado no encontrado"
                    }
                },
                "security": [
                    {
                        "Bearer": []
                    }
                ]
            },
            "put": {
                "tags": [
                    "Encargados"
                ],
                "summary": "Actualizar un encargado",
                "description": "Actualiza la información de un encargado específico",
                "operationId": "6efeddf91c593986b45d232a4a48f743",
                "parameters": [
                    {
                        "name": "id",
                        "in": "path",
                        "description": "ID del encargado",
                        "required": true,
                        "schema": {
                            "type": "string"
                        }
                    }
                ],
                "requestBody": {
                    "required": true,
                    "content": {
                        "application/json": {
                            "schema": {
                                "$ref": "#/components/schemas/Encargado"
                            }
                        }
                    }
                },
                "responses": {
                    "200": {
                        "description": "Encargado actualizado exitosamente",
                        "content": {
                            "application/json": {
                                "schema": {
                                    "$ref": "#/components/schemas/Encargado"
                                }
                            }
                        }
                    },
                    "404": {
                        "description": "Encargado no encontrado"
                    }
                },
                "security": [
                    {
                        "Bearer": []
                    }
                ]
            },
            "delete": {
                "tags": [
                    "Encargados"
                ],
                "summary": "Eliminar un encargado",
                "description": "Elimina un encargado específico",
                "operationId": "3069e900ba7dfacf1b0b6e8dc0245cd4",
                "parameters": [
                    {
                        "name": "id",
                        "in": "path",
                        "description": "ID del encargado",
                        "required": true,
                        "schema": {
                            "type": "string"
                        }
                    }
                ],
                "responses": {
                    "200": {
                        "description": "Encargado eliminado exitosamente"
                    },
                    "404": {
                        "description": "Encargado no encontrado"
                    }
                },
                "security": [
                    {
                        "Bearer": []
                    }
                ]
            }
        },
        "/api/proveedores": {
            "get": {
                "tags": [
                    "Proveedores"
                ],
                "summary": "Obtener todos los Proveedores",
                "description": "Devuelve una lista de todos los Proveedores",
                "operationId": "5eb7d790ae5c32c59bd58744f5ed3da5",
                "responses": {
                    "200": {
                        "description": "Operación exitosa",
                        "content": {
                            "application/json": {
                                "schema": {
                                    "type": "array",
                                    "items": {
                                        "$ref": "#/components/schemas/Proveedor"
                                    }
                                }
                            }
                        }
                    }
                },
                "security": [
                    {
                        "Bearer": []
                    }
                ]
            },
            "post": {
                "tags": [
                    "Proveedores"
                ],
                "summary": "Crear un nuevo Proveedor",
                "description": "Crea un nuevo Proveedor en el sistema",
                "operationId": "5c1bcfb0dbccf86c376dc7a47fdff311",
                "requestBody": {
                    "required": true,
                    "content": {
                        "application/json": {
                            "schema": {
                                "$ref": "#/components/schemas/Proveedor"
                            }
                        }
                    }
                },
                "responses": {
                    "201": {
                        "description": "Proveedor creado exitosamente",
                        "content": {
                            "application/json": {
                                "schema": {
                                    "$ref": "#/components/schemas/Proveedor"
                                }
                            }
                        }
                    },
                    "422": {
                        "description": "Errores de validación"
                    }
                },
                "security": [
                    {
                        "Bearer": []
                    }
                ]
            }
        },
        "/api/proveedores/{id}": {
            "get": {
                "tags": [
                    "Proveedores"
                ],
                "summary": "Obtener un proveedor por su ID",
                "description": "Devuelve los detalles de un proveedor específico",
                "operationId": "1898d8b0458ba55e2c8240363838a2a6",
                "parameters": [
                    {
                        "name": "id",
                        "in": "path",
                        "description": "ID del Proveedor",
                        "required": true,
                        "schema": {
                            "type": "int"
                        }
                    }
                ],
                "responses": {
                    "200": {
                        "description": "Operación exitosa",
                        "content": {
                            "application/json": {
                                "schema": {
                                    "$ref": "#/components/schemas/Proveedor"
                                }
                            }
                        }
                    },
                    "404": {
                        "description": "Proveedor no encontrado"
                    }
                },
                "security": [
                    {
                        "Bearer": []
                    }
                ]
            },
            "put": {
                "tags": [
                    "Proveedores"
                ],
                "summary": "Actualizar un Proveedor",
                "description": "Actualiza la información de un proveedor específico",
                "operationId": "72364f0ee2e9c4041a2f38af705cea3b",
                "parameters": [
                    {
                        "name": "id",
                        "in": "path",
                        "description": "ID del Proveedor",
                        "required": true,
                        "schema": {
                            "type": "int"
                        }
                    }
                ],
                "requestBody": {
                    "required": true,
                    "content": {
                        "application/json": {
                            "schema": {
                                "$ref": "#/components/schemas/Proveedor"
                            }
                        }
                    }
                },
                "responses": {
                    "200": {
                        "description": "Proveedor actualizado exitosamente",
                        "content": {
                            "application/json": {
                                "schema": {
                                    "$ref": "#/components/schemas/Proveedor"
                                }
                            }
                        }
                    },
                    "404": {
                        "description": "Proveedor no encontrado"
                    }
                },
                "security": [
                    {
                        "Bearer": []
                    }
                ]
            },
            "delete": {
                "tags": [
                    "Proveedores"
                ],
                "summary": "Eliminar un Proveedor",
                "description": "Elimina un Proveedor específico",
                "operationId": "8b7ae059b2d7afad943975d96233b0b7",
                "parameters": [
                    {
                        "name": "id",
                        "in": "path",
                        "description": "ID del Proveedor",
                        "required": true,
                        "schema": {
                            "type": "int"
                        }
                    }
                ],
                "responses": {
                    "200": {
                        "description": "Proveedor eliminado exitosamente"
                    },
                    "404": {
                        "description": "Proveedor no encontrado"
                    }
                },
                "security": [
                    {
                        "Bearer": []
                    }
                ]
            }
        },
        "/api/rutas": {
            "get": {
                "tags": [
                    "Rutas"
                ],
                "summary": "Obtener todas las rutas",
                "description": "Devuelve todas las rutas",
                "operationId": "07f8f66135da1afc0dbdded354b14e48",
                "responses": {
                    "200": {
                        "description": "Lista de rutas",
                        "content": {
                            "application/json": {
                                "schema": {
                                    "type": "array",
                                    "items": {
                                        "$ref": "#/components/schemas/Ruta"
                                    }
                                }
                            }
                        }
                    }
                },
                "security": [
                    {
                        "Bearer": []
                    }
                ]
            },
            "post": {
                "tags": [
                    "Rutas"
                ],
                "summary": "Crear una nueva ruta",
                "description": "Crea una nueva ruta en el sistema",
                "operationId": "7ae787bdba22d5f0225ce1875bc8f0d8",
                "requestBody": {
                    "required": true,
                    "content": {
                        "application/json": {
                            "schema": {
                                "$ref": "#/components/schemas/Ruta"
                            }
                        }
                    }
                },
                "responses": {
                    "201": {
                        "description": "Ruta creada",
                        "content": {
                            "application/json": {
                                "schema": {
                                    "$ref": "#/components/schemas/Ruta"
                                }
                            }
                        }
                    }
                },
                "security": [
                    {
                        "Bearer": []
                    }
                ]
            }
        },
        "/api/rutas/{id}": {
            "get": {
                "tags": [
                    "Rutas"
                ],
                "summary": "Obtener una ruta por ID",
                "description": "Devuelve una ruta específica",
                "operationId": "7e55691a3f1d608ba3222c12a2186b22",
                "parameters": [
                    {
                        "name": "id",
                        "in": "path",
                        "description": "ID de la ruta",
                        "required": true,
                        "schema": {
                            "type": "string"
                        }
                    }
                ],
                "responses": {
                    "200": {
                        "description": "Ruta encontrada",
                        "content": {
                            "application/json": {
                                "schema": {
                                    "$ref": "#/components/schemas/Ruta"
                                }
                            }
                        }
                    },
                    "404": {
                        "description": "Ruta no encontrada"
                    }
                },
                "security": [
                    {
                        "Bearer": []
                    }
                ]
            },
            "put": {
                "tags": [
                    "Rutas"
                ],
                "summary": "Actualizar una ruta",
                "description": "Actualiza la información de una ruta",
                "operationId": "5fd15592c13b8a0d0310bd8112d2c16d",
                "parameters": [
                    {
                        "name": "id",
                        "in": "path",
                        "description": "ID de la ruta",
                        "required": true,
                        "schema": {
                            "type": "string"
                        }
                    }
                ],
                "requestBody": {
                    "required": true,
                    "content": {
                        "application/json": {
                            "schema": {
                                "$ref": "#/components/schemas/Ruta"
                            }
                        }
                    }
                },
                "responses": {
                    "200": {
                        "description": "Ruta actualizado exitosamente",
                        "content": {
                            "application/json": {
                                "schema": {
                                    "$ref": "#/components/schemas/Ruta"
                                }
                            }
                        }
                    },
                    "404": {
                        "description": "Ruta no encontrada"
                    }
                },
                "security": [
                    {
                        "Bearer": []
                    }
                ]
            }
        },
        "/api/tipos-transporte": {
            "get": {
                "tags": [
                    "Tipos de Transporte"
                ],
                "summary": "Obtener todos los tipos de transporte",
                "description": "Devuelve una lista de todos los tipos de transporte",
                "operationId": "e6363b29a22e37d746b3661d25794595",
                "responses": {
                    "200": {
                        "description": "Operación exitosa",
                        "content": {
                            "application/json": {
                                "schema": {
                                    "type": "array",
                                    "items": {
                                        "$ref": "#/components/schemas/TipoTransporte"
                                    }
                                }
                            }
                        }
                    },
                    "401": {
                        "description": "No autorizado"
                    }
                },
                "security": [
                    {
                        "Bearer": []
                    }
                ]
            },
            "post": {
                "tags": [
                    "Tipos de Transporte"
                ],
                "summary": "Crear un nuevo tipo de transporte",
                "description": "Crea un nuevo tipo de transporte en el sistema",
                "operationId": "b9418007258a1716a0ed533fb0bbdde9",
                "requestBody": {
                    "required": true,
                    "content": {
                        "application/json": {
                            "schema": {
                                "$ref": "#/components/schemas/TipoTransporte"
                            }
                        }
                    }
                },
                "responses": {
                    "201": {
                        "description": "Tipo de transporte creado exitosamente",
                        "content": {
                            "application/json": {
                                "schema": {
                                    "$ref": "#/components/schemas/TipoTransporte"
                                }
                            }
                        }
                    },
                    "422": {
                        "description": "Errores de validación"
                    }
                },
                "security": [
                    {
                        "Bearer": []
                    }
                ]
            }
        },
        "/api/tipos-transporte/{id}": {
            "get": {
                "tags": [
                    "Tipos de Transporte"
                ],
                "summary": "Obtener un tipo de transporte por su ID",
                "description": "Devuelve los detalles de un tipo de transporte específico",
                "operationId": "a8ba116749e93662fa8ed35a5edf9860",
                "parameters": [
                    {
                        "name": "id",
                        "in": "path",
                        "description": "ID del tipo de transporte",
                        "required": true,
                        "schema": {
                            "type": "string"
                        }
                    }
                ],
                "responses": {
                    "200": {
                        "description": "Operación exitosa",
                        "content": {
                            "application/json": {
                                "schema": {
                                    "$ref": "#/components/schemas/TipoTransporte"
                                }
                            }
                        }
                    },
                    "404": {
                        "description": "Tipo de transporte no encontrado"
                    }
                },
                "security": [
                    {
                        "Bearer": []
                    }
                ]
            },
            "put": {
                "tags": [
                    "Tipos de Transporte"
                ],
                "summary": "Actualizar un tipo de transporte",
                "description": "Actualiza la información de un tipo de transporte específico",
                "operationId": "7ea7fbc2272b1e9edf082cf6456f2113",
                "parameters": [
                    {
                        "name": "id",
                        "in": "path",
                        "description": "ID del tipo de transporte",
                        "required": true,
                        "schema": {
                            "type": "string"
                        }
                    }
                ],
                "requestBody": {
                    "required": true,
                    "content": {
                        "application/json": {
                            "schema": {
                                "$ref": "#/components/schemas/TipoTransporte"
                            }
                        }
                    }
                },
                "responses": {
                    "200": {
                        "description": "Tipo de transporte actualizado exitosamente",
                        "content": {
                            "application/json": {
                                "schema": {
                                    "$ref": "#/components/schemas/TipoTransporte"
                                }
                            }
                        }
                    },
                    "404": {
                        "description": "Tipo de transporte no encontrado"
                    }
                },
                "security": [
                    {
                        "Bearer": []
                    }
                ]
            },
            "delete": {
                "tags": [
                    "Tipos de Transporte"
                ],
                "summary": "Eliminar un tipo de transporte",
                "description": "Elimina un tipo de transporte específico",
                "operationId": "01d0b74e312a0e3c0110ba4de001208e",
                "parameters": [
                    {
                        "name": "id",
                        "in": "path",
                        "description": "ID del tipo de transporte",
                        "required": true,
                        "schema": {
                            "type": "string"
                        }
                    }
                ],
                "responses": {
                    "200": {
                        "description": "Tipo de transporte eliminado exitosamente"
                    },
                    "404": {
                        "description": "Tipo de transporte no encontrado"
                    }
                },
                "security": [
                    {
                        "Bearer": []
                    }
                ]
            }
        }
    },
    "components": {
        "schemas": {
            "Auth": {
                "required": [
                    "token"
                ],
                "properties": {
                    "token": {
                        "type": "string",
                        "example": "your-jwt-token"
                    }
                },
                "type": "object"
            },
            "Cliente": {
                "required": [
                    "nombre_clientes",
                    "direccion_clientes",
                    "numero_telefonico"
                ],
                "properties": {
                    "nombre_clientes": {
                        "type": "string",
                        "example": "Juan Pérez"
                    },
                    "direccion_clientes": {
                        "type": "string",
                        "example": "Calle Falsa 123"
                    },
                    "numero_telefonico": {
                        "type": "string",
                        "example": "555-1234"
                    }
                },
                "type": "object"
            },
            "Comessa": {
                "required": [
                    "Comessa",
                    "id_clientes",
                    "descripcion"
                ],
                "properties": {
                    "Comessa": {
                        "type": "string",
                        "example": "Juan Pérez"
                    },
                    "id_clientes": {
                        "type": "string",
                        "example": "Calle Falsa 123"
                    },
                    "descripcion": {
                        "type": "string",
                        "example": "555-1234"
                    }
                },
                "type": "object"
            },
            "Encargado": {
                "required": [
                    "nombre_encargado",
                    "numero_encargado"
                ],
                "properties": {
                    "nombre_encargado": {
                        "type": "string",
                        "example": "Juan Pérez"
                    },
                    "numero_encargado": {
                        "type": "integer",
                        "example": "120"
                    }
                },
                "type": "object"
            },
            "Proveedor": {
                "required": [
                    "nombre",
                    "direccion",
                    "telefono"
                ],
                "properties": {
                    "nombre": {
                        "type": "string",
                        "example": "Juan Pérez"
                    },
                    "direccion": {
                        "type": "string",
                        "example": "Calle Falsa 123"
                    },
                    "telefono": {
                        "type": "string",
                        "example": "555-1234"
                    }
                },
                "type": "object"
            },
            "Ruta": {
                "properties": {
                    "id_ruta": {
                        "description": "ID único de la ruta",
                        "type": "string"
                    },
                    "id_comessa": {
                        "description": "ID de la comessa asociada a la ruta",
                        "type": "integer"
                    },
                    "remitente": {
                        "description": "ID del proveedor asociado como remitente a la ruta",
                        "type": "integer"
                    },
                    "entrega": {
                        "description": "ID del proveedor asociado como entrega a la ruta",
                        "type": "integer"
                    },
                    "id_clientes": {
                        "description": "ID del cliente asociado a la ruta",
                        "type": "string"
                    },
                    "id_user": {
                        "description": "ID del usuario que gestionó la ruta",
                        "type": "integer"
                    },
                    "id_encargado": {
                        "description": "ID del encargado de la ruta",
                        "type": "string"
                    },
                    "id_transporte": {
                        "description": "ID del transporte utilizado",
                        "type": "string"
                    },
                    "descripcion_retiros": {
                        "description": "Descripción de los retiros asociados a la ruta",
                        "type": "string"
                    },
                    "estado_retiro": {
                        "description": "Estado del retiro",
                        "type": "integer"
                    },
                    "prioridad": {
                        "description": "Prioridad de la ruta",
                        "type": "integer"
                    },
                    "hora": {
                        "description": "Orario ritiro",
                        "type": "string"
                    },
                    "fecha": {
                        "description": "Fecha asociada a la ruta",
                        "type": "string",
                        "format": "date"
                    },
                    "ruta_maps": {
                        "description": "URL para visualizar la ruta en Google Maps",
                        "type": "string"
                    },
                    "posicion": {
                        "description": "Posición de la ruta - orden",
                        "type": "integer"
                    },
                    "created_at": {
                        "description": "Fecha y hora de creación del registro",
                        "type": "string",
                        "format": "date-time"
                    },
                    "updated_at": {
                        "description": "Fecha y hora de la última actualización del registro",
                        "type": "string",
                        "format": "date-time"
                    },
                    "corriere": {
                        "description": "Mensajero de la ruta",
                        "type": "string"
                    }
                },
                "type": "object"
            },
            "TipoTransporte": {
                "required": [
                    "nombre_transporte"
                ],
                "properties": {
                    "nombre_transporte": {
                        "type": "string"
                    }
                },
                "type": "object"
            },
            "User": {
                "properties": {
                    "id": {
                        "type": "integer"
                    },
                    "name": {
                        "type": "string"
                    },
                    "email": {
                        "type": "string"
                    },
                    "created_at": {
                        "type": "string",
                        "format": "date-time"
                    },
                    "updated_at": {
                        "type": "string",
                        "format": "date-time"
                    }
                },
                "type": "object"
            }
        },
        "responses": {
            "404": {
                "description": "No encontrado"
            }
        },
        "securitySchemes": {
            "Bearer": {
                "type": "http",
                "bearerFormat": "JWT",
                "scheme": "bearer"
            }
        }
    },
    "tags": [
        {
            "name": "Clientes",
            "description": "Operaciones relacionadas con clientes"
        },
        {
            "name": "Comessa",
            "description": "Operaciones relacionadas con comessa"
        },
        {
            "name": "Encargados",
            "description": "Operaciones relacionadas con encargados"
        },
        {
            "name": "Proveedores",
            "description": "Operaciones relacionadas con Proveedores"
        },
        {
            "name": "Rutas",
            "description": "Operaciones relacionadas con las rutas"
        },
        {
            "name": "Tipos de Transporte",
            "description": "Operaciones relacionadas con los tipos de transporte"
        },
        {
            "name": "Autenticación",
            "description": "Autenticación"
        }
    ]
}